{"cameraMode":{"drawMode":0,"name":"Shaded","section":"Shading Mode"},"sceneLighting":false,"audioPlay":false,"sceneViewState":{"showFog":true,"showMaterialUpdate":false,"showSkybox":false,"showFlares":true,"showImageEffects":true,"showParticleSystems":true},"in2DMode":false,"pivot":{"x":0.8552718162536621,"y":19.642074584960939,"z":8.014945030212403},"rotation":{"x":0.11031940579414368,"y":-0.7590368986129761,"z":0.1334216594696045,"w":0.6276075839996338},"size":7.294150352478027,"orthographic":false}