{"cameraMode":{"drawMode":0,"name":"Shaded","section":"Shading Mode"},"sceneLighting":false,"audioPlay":false,"sceneViewState":{"showFog":true,"showMaterialUpdate":false,"showSkybox":false,"showFlares":true,"showImageEffects":true,"showParticleSystems":true},"in2DMode":false,"pivot":{"x":-0.1642538160085678,"y":-0.16331413388252259,"z":-0.773178219795227},"rotation":{"x":0.011041663587093354,"y":0.9863663911819458,"z":-0.1463617980480194,"w":0.07441547513008118},"size":4.405906677246094,"orthographic":false}