{"cameraMode":{"drawMode":0,"name":"Shaded","section":"Shading Mode"},"sceneLighting":false,"audioPlay":false,"sceneViewState":{"showFog":true,"showMaterialUpdate":false,"showSkybox":false,"showFlares":true,"showImageEffects":true,"showParticleSystems":true},"in2DMode":false,"pivot":{"x":0.17532524466514588,"y":0.23076777160167695,"z":9.202386856079102},"rotation":{"x":-0.10777943581342697,"y":-0.014323506504297257,"z":0.0015515834093093873,"w":-0.9940704703330994},"size":8.96749210357666,"orthographic":false}