{"cameraMode":{"drawMode":0,"name":"Shaded","section":"Shading Mode"},"sceneLighting":false,"audioPlay":false,"sceneViewState":{"showFog":true,"showMaterialUpdate":false,"showSkybox":true,"showFlares":true,"showImageEffects":true,"showParticleSystems":true},"in2DMode":false,"pivot":{"x":0.21660985052585603,"y":2.6849353313446047,"z":10.754037857055664},"rotation":{"x":-0.026386743411421777,"y":0.025488462299108506,"z":-0.0006729355663992465,"w":-0.9993265867233276},"size":13.09573745727539,"orthographic":false}