{"cameraMode":{"drawMode":0,"name":"Shaded","section":"Shading Mode"},"sceneLighting":false,"audioPlay":false,"sceneViewState":{"showFog":true,"showMaterialUpdate":false,"showSkybox":false,"showFlares":true,"showImageEffects":true,"showParticleSystems":true},"in2DMode":false,"pivot":{"x":0.0,"y":1.5910000801086426,"z":0.04900002479553223},"rotation":{"x":0.23729975521564485,"y":0.3677235245704651,"z":-0.0976254940032959,"w":0.8938331007957459},"size":3.299999713897705,"orthographic":false}