{"cameraMode":{"drawMode":0,"name":"Shaded","section":"Shading Mode"},"sceneLighting":false,"audioPlay":false,"sceneViewState":{"showFog":true,"showMaterialUpdate":false,"showSkybox":false,"showFlares":true,"showImageEffects":true,"showParticleSystems":true},"in2DMode":false,"pivot":{"x":-0.41698455810546877,"y":2.719481945037842,"z":4.328006744384766},"rotation":{"x":-0.138749897480011,"y":0.0647164061665535,"z":-0.009085479192435742,"w":-0.9881689548492432},"size":79.7748031616211,"orthographic":false}