{"cameraMode":{"drawMode":0,"name":"Shaded","section":"Shading Mode"},"sceneLighting":false,"audioPlay":false,"sceneViewState":{"showFog":true,"showMaterialUpdate":false,"showSkybox":false,"showFlares":true,"showImageEffects":true,"showParticleSystems":true},"in2DMode":false,"pivot":{"x":0.0,"y":-2.205174446105957,"z":1.364498496055603},"rotation":{"x":-0.06863851100206375,"y":0.012848684564232827,"z":-0.0009181066416203976,"w":-0.9975584745407105},"size":38.306434631347659,"orthographic":false}