{"cameraMode":{"drawMode":0,"name":"Shaded","section":"Shading Mode"},"sceneLighting":false,"audioPlay":false,"sceneViewState":{"showFog":true,"showMaterialUpdate":false,"showSkybox":false,"showFlares":true,"showImageEffects":true,"showParticleSystems":true},"in2DMode":false,"pivot":{"x":-1.4413169622421265,"y":1.2786203622817994,"z":5.972142696380615},"rotation":{"x":0.050977349281311038,"y":0.0006112752016633749,"z":0.00000647860906610731,"w":0.9986996650695801},"size":7.615396022796631,"orthographic":false}