{"cameraMode":{"drawMode":0,"name":"Shaded","section":"Shading Mode"},"sceneLighting":false,"audioPlay":false,"sceneViewState":{"showFog":true,"showMaterialUpdate":false,"showSkybox":false,"showFlares":true,"showImageEffects":true,"showParticleSystems":true},"in2DMode":false,"pivot":{"x":-0.007500648498535156,"y":-0.7573781609535217,"z":0.41470620036125185},"rotation":{"x":0.37064456939697268,"y":0.02061854489147663,"z":-0.008230065926909447,"w":0.9285094141960144},"size":5.329398155212402,"orthographic":false}